{
    "name": "dbname",
    "owner": "dbowner",
    "type": "postgres",
    "default_role": "role1",
    "structure": {
        "parameterized_queries": [
            {
                "name": "query1",
                "query": "SELECT ...",
                "parameters": [
                    {
                        "name": "param1",
                        "type": "string"
                    },
                    {
                        "name": "param2",
                        "type": "string"
                    }
                ]
            },
            {
                "name": "query2",
                "query": "SELECT ...",
                "parameters": [
                    {
                        "name": "param1",
                        "type": "string"
                    },
                    {
                        "name": "param2",
                        "type": "string"
                    }
                ]
            }
        ],
        "roles": [
            {
                "name": "role1",
                "permissions": {
                    "ddl": true,
                    "parameterized_queries": [
                        "query1"
                    ]
                }
            }
        ],
        "tables": [
            {
                "name": "table1",
                "schema": "schema1",
                "primary_key": "column1",
                "columns": [
                    {
                        "name": "column1",
                        "nullable": false,
                        "column_type": {
                            "type": "varchar",
                            "length": "255"
                        }
                    },
                    {
                        "name": "column2",
                        "nullable": true,
                        "column_type": {
                            "type": "int",
                            "default": "0",
                            "seed_value": "0",
                            "increment": 1
                        }
                    }
                ]
            },
            {
                "name": "table2",
                "schema": "schema1",
                "primary_key": "column1",
                "columns": [
                    {
                        "name": "column1",
                        "nullable": false,
                        "column_type": {
                            "type": "varchar",
                            "length": "255"
                        }
                    },
                    {
                        "name": "column2",
                        "nullable": false,
                        "column_type": {
                            "type": "varchar",
                            "length": "255"
                        }
                    }
                ]
            }
        ],
        "constraints": [
            {
                "name": "fk_table1_table2",
                "type": "foreign_key",
                "key": {
                    "schema": "schema1",
                    "table": "table1",
                    "column": "column1"
                },
                "reference": {
                    "schema": "schema1",
                    "table": "table2",
                    "column": "column2"
                }
            }
        ]
    }
}