{
  "swagger": "2.0",
  "info": {
    "title": "api/v0/service.proto",
    "version": "version not set"
  },
  "tags": [
    {
      "name": "KwilService"
    }
  ],
  "consumes": [
    "application/json"
  ],
  "produces": [
    "application/json"
  ],
  "paths": {
    "/api/v0/connect": {
      "get": {
        "operationId": "KwilService_Connect",
        "responses": {
          "200": {
            "description": "A successful response.",
            "schema": {
              "$ref": "#/definitions/v0ConnectResponse"
            }
          },
          "default": {
            "description": "An unexpected error response.",
            "schema": {
              "$ref": "#/definitions/rpcStatus"
            }
          }
        },
        "tags": [
          "KwilService"
        ]
      }
    },
    "/api/v0/databases": {
      "get": {
        "operationId": "KwilService_ListDatabases",
        "responses": {
          "200": {
            "description": "A successful response.",
            "schema": {
              "$ref": "#/definitions/v0ListDatabasesResponse"
            }
          },
          "default": {
            "description": "An unexpected error response.",
            "schema": {
              "$ref": "#/definitions/rpcStatus"
            }
          }
        },
        "tags": [
          "KwilService"
        ]
      },
      "post": {
        "summary": "Databases",
        "operationId": "KwilService_CreateDatabase",
        "responses": {
          "200": {
            "description": "A successful response.",
            "schema": {
              "$ref": "#/definitions/v0CreateDatabaseResponse"
            }
          },
          "default": {
            "description": "An unexpected error response.",
            "schema": {
              "$ref": "#/definitions/rpcStatus"
            }
          }
        },
        "parameters": [
          {
            "name": "body",
            "in": "body",
            "required": true,
            "schema": {
              "$ref": "#/definitions/v0CreateDatabaseRequest"
            }
          }
        ],
        "tags": [
          "KwilService"
        ]
      }
    },
    "/api/v0/databases/{databaseId}/queries": {
      "get": {
        "operationId": "KwilService_GetQueries",
        "responses": {
          "200": {
            "description": "A successful response.",
            "schema": {
              "$ref": "#/definitions/v0GetQueriesResponse"
            }
          },
          "default": {
            "description": "An unexpected error response.",
            "schema": {
              "$ref": "#/definitions/rpcStatus"
            }
          }
        },
        "parameters": [
          {
            "name": "databaseId",
            "in": "path",
            "required": true,
            "type": "string"
          }
        ],
        "tags": [
          "KwilService"
        ]
      }
    },
    "/api/v0/databases/{databaseId}/query": {
      "post": {
        "summary": "Queries",
        "operationId": "KwilService_PostQuery",
        "responses": {
          "200": {
            "description": "A successful response.",
            "schema": {
              "$ref": "#/definitions/v0PostQueryResponse"
            }
          },
          "default": {
            "description": "An unexpected error response.",
            "schema": {
              "$ref": "#/definitions/rpcStatus"
            }
          }
        },
        "parameters": [
          {
            "name": "databaseId",
            "in": "path",
            "required": true,
            "type": "string"
          },
          {
            "name": "body",
            "in": "body",
            "required": true,
            "schema": {
              "type": "object",
              "properties": {
                "query": {
                  "type": "string"
                },
                "from": {
                  "type": "string"
                },
                "signature": {
                  "type": "string"
                }
              }
            }
          }
        ],
        "tags": [
          "KwilService"
        ]
      }
    },
    "/api/v0/databases/{databaseId}/roles": {
      "get": {
        "operationId": "KwilService_ListRoles",
        "responses": {
          "200": {
            "description": "A successful response.",
            "schema": {
              "$ref": "#/definitions/v0ListRolesResponse"
            }
          },
          "default": {
            "description": "An unexpected error response.",
            "schema": {
              "$ref": "#/definitions/rpcStatus"
            }
          }
        },
        "parameters": [
          {
            "name": "databaseId",
            "in": "path",
            "required": true,
            "type": "string"
          }
        ],
        "tags": [
          "KwilService"
        ]
      },
      "post": {
        "summary": "Roles",
        "operationId": "KwilService_CreateRole",
        "responses": {
          "200": {
            "description": "A successful response.",
            "schema": {
              "$ref": "#/definitions/v0CreateRoleResponse"
            }
          },
          "default": {
            "description": "An unexpected error response.",
            "schema": {
              "$ref": "#/definitions/rpcStatus"
            }
          }
        },
        "parameters": [
          {
            "name": "databaseId",
            "in": "path",
            "required": true,
            "type": "string"
          },
          {
            "name": "body",
            "in": "body",
            "required": true,
            "schema": {
              "type": "object"
            }
          }
        ],
        "tags": [
          "KwilService"
        ]
      }
    },
    "/api/v0/databases/{databaseId}/roles/{id}": {
      "get": {
        "operationId": "KwilService_GetRole",
        "responses": {
          "200": {
            "description": "A successful response.",
            "schema": {
              "$ref": "#/definitions/v0GetRoleResponse"
            }
          },
          "default": {
            "description": "An unexpected error response.",
            "schema": {
              "$ref": "#/definitions/rpcStatus"
            }
          }
        },
        "parameters": [
          {
            "name": "databaseId",
            "in": "path",
            "required": true,
            "type": "string"
          },
          {
            "name": "id",
            "in": "path",
            "required": true,
            "type": "string"
          }
        ],
        "tags": [
          "KwilService"
        ]
      },
      "delete": {
        "operationId": "KwilService_DeleteRole",
        "responses": {
          "200": {
            "description": "A successful response.",
            "schema": {
              "$ref": "#/definitions/v0DeleteRoleResponse"
            }
          },
          "default": {
            "description": "An unexpected error response.",
            "schema": {
              "$ref": "#/definitions/rpcStatus"
            }
          }
        },
        "parameters": [
          {
            "name": "databaseId",
            "in": "path",
            "required": true,
            "type": "string"
          },
          {
            "name": "id",
            "in": "path",
            "required": true,
            "type": "string"
          }
        ],
        "tags": [
          "KwilService"
        ]
      },
      "put": {
        "operationId": "KwilService_UpdateRole",
        "responses": {
          "200": {
            "description": "A successful response.",
            "schema": {
              "$ref": "#/definitions/v0UpdateRoleResponse"
            }
          },
          "default": {
            "description": "An unexpected error response.",
            "schema": {
              "$ref": "#/definitions/rpcStatus"
            }
          }
        },
        "parameters": [
          {
            "name": "databaseId",
            "in": "path",
            "required": true,
            "type": "string"
          },
          {
            "name": "id",
            "in": "path",
            "required": true,
            "type": "string"
          },
          {
            "name": "body",
            "in": "body",
            "required": true,
            "schema": {
              "type": "object"
            }
          }
        ],
        "tags": [
          "KwilService"
        ]
      }
    },
    "/api/v0/databases/{databaseId}/tables": {
      "get": {
        "operationId": "KwilService_ListTables",
        "responses": {
          "200": {
            "description": "A successful response.",
            "schema": {
              "$ref": "#/definitions/v0ListTablesResponse"
            }
          },
          "default": {
            "description": "An unexpected error response.",
            "schema": {
              "$ref": "#/definitions/rpcStatus"
            }
          }
        },
        "parameters": [
          {
            "name": "databaseId",
            "in": "path",
            "required": true,
            "type": "string"
          }
        ],
        "tags": [
          "KwilService"
        ]
      },
      "post": {
        "summary": "Tables",
        "operationId": "KwilService_CreateTable",
        "responses": {
          "200": {
            "description": "A successful response.",
            "schema": {
              "$ref": "#/definitions/v0CreateTableResponse"
            }
          },
          "default": {
            "description": "An unexpected error response.",
            "schema": {
              "$ref": "#/definitions/rpcStatus"
            }
          }
        },
        "parameters": [
          {
            "name": "databaseId",
            "in": "path",
            "required": true,
            "type": "string"
          },
          {
            "name": "body",
            "in": "body",
            "required": true,
            "schema": {
              "type": "object"
            }
          }
        ],
        "tags": [
          "KwilService"
        ]
      }
    },
    "/api/v0/databases/{databaseId}/tables/{id}": {
      "get": {
        "operationId": "KwilService_GetTable",
        "responses": {
          "200": {
            "description": "A successful response.",
            "schema": {
              "$ref": "#/definitions/v0GetTableResponse"
            }
          },
          "default": {
            "description": "An unexpected error response.",
            "schema": {
              "$ref": "#/definitions/rpcStatus"
            }
          }
        },
        "parameters": [
          {
            "name": "databaseId",
            "in": "path",
            "required": true,
            "type": "string"
          },
          {
            "name": "id",
            "in": "path",
            "required": true,
            "type": "string"
          }
        ],
        "tags": [
          "KwilService"
        ]
      },
      "delete": {
        "operationId": "KwilService_DeleteTable",
        "responses": {
          "200": {
            "description": "A successful response.",
            "schema": {
              "$ref": "#/definitions/v0DeleteTableResponse"
            }
          },
          "default": {
            "description": "An unexpected error response.",
            "schema": {
              "$ref": "#/definitions/rpcStatus"
            }
          }
        },
        "parameters": [
          {
            "name": "databaseId",
            "in": "path",
            "required": true,
            "type": "string"
          },
          {
            "name": "id",
            "in": "path",
            "required": true,
            "type": "string"
          }
        ],
        "tags": [
          "KwilService"
        ]
      },
      "put": {
        "operationId": "KwilService_UpdateTable",
        "responses": {
          "200": {
            "description": "A successful response.",
            "schema": {
              "$ref": "#/definitions/v0UpdateTableResponse"
            }
          },
          "default": {
            "description": "An unexpected error response.",
            "schema": {
              "$ref": "#/definitions/rpcStatus"
            }
          }
        },
        "parameters": [
          {
            "name": "databaseId",
            "in": "path",
            "required": true,
            "type": "string"
          },
          {
            "name": "id",
            "in": "path",
            "required": true,
            "type": "string"
          },
          {
            "name": "body",
            "in": "body",
            "required": true,
            "schema": {
              "type": "object"
            }
          }
        ],
        "tags": [
          "KwilService"
        ]
      }
    },
    "/api/v0/databases/{id}": {
      "get": {
        "operationId": "KwilService_GetDatabase",
        "responses": {
          "200": {
            "description": "A successful response.",
            "schema": {
              "$ref": "#/definitions/v0GetDatabaseResponse"
            }
          },
          "default": {
            "description": "An unexpected error response.",
            "schema": {
              "$ref": "#/definitions/rpcStatus"
            }
          }
        },
        "parameters": [
          {
            "name": "id",
            "in": "path",
            "required": true,
            "type": "string"
          }
        ],
        "tags": [
          "KwilService"
        ]
      },
      "delete": {
        "operationId": "KwilService_DeleteDatabase",
        "responses": {
          "200": {
            "description": "A successful response.",
            "schema": {
              "$ref": "#/definitions/v0DeleteDatabaseResponse"
            }
          },
          "default": {
            "description": "An unexpected error response.",
            "schema": {
              "$ref": "#/definitions/rpcStatus"
            }
          }
        },
        "parameters": [
          {
            "name": "id",
            "in": "path",
            "required": true,
            "type": "string"
          }
        ],
        "tags": [
          "KwilService"
        ]
      },
      "put": {
        "operationId": "KwilService_UpdateDatabase",
        "responses": {
          "200": {
            "description": "A successful response.",
            "schema": {
              "$ref": "#/definitions/v0UpdateDatabaseResponse"
            }
          },
          "default": {
            "description": "An unexpected error response.",
            "schema": {
              "$ref": "#/definitions/rpcStatus"
            }
          }
        },
        "parameters": [
          {
            "name": "id",
            "in": "path",
            "required": true,
            "type": "string"
          },
          {
            "name": "body",
            "in": "body",
            "required": true,
            "schema": {
              "type": "object",
              "properties": {
                "name": {
                  "type": "string"
                },
                "owner": {
                  "type": "string"
                },
                "fee": {
                  "type": "string"
                },
                "operation": {
                  "type": "integer",
                  "format": "int32"
                },
                "crud": {
                  "type": "integer",
                  "format": "int32"
                },
                "instructions": {
                  "type": "string"
                },
                "from": {
                  "type": "string"
                },
                "nonce": {
                  "type": "string"
                },
                "signature": {
                  "type": "string"
                }
              }
            }
          }
        ],
        "tags": [
          "KwilService"
        ]
      }
    },
    "/api/v0/wallets/{id}/balance": {
      "get": {
        "summary": "Wallets",
        "operationId": "KwilService_GetBalance",
        "responses": {
          "200": {
            "description": "A successful response.",
            "schema": {
              "$ref": "#/definitions/v0GetBalanceResponse"
            }
          },
          "default": {
            "description": "An unexpected error response.",
            "schema": {
              "$ref": "#/definitions/rpcStatus"
            }
          }
        },
        "parameters": [
          {
            "name": "id",
            "in": "path",
            "required": true,
            "type": "string"
          }
        ],
        "tags": [
          "KwilService"
        ]
      }
    },
    "/api/v0/wallets/{id}/{databaseId}/role": {
      "get": {
        "operationId": "KwilService_GetWalletRole",
        "responses": {
          "200": {
            "description": "A successful response.",
            "schema": {
              "$ref": "#/definitions/v0GetWalletRoleResponse"
            }
          },
          "default": {
            "description": "An unexpected error response.",
            "schema": {
              "$ref": "#/definitions/rpcStatus"
            }
          }
        },
        "parameters": [
          {
            "name": "id",
            "in": "path",
            "required": true,
            "type": "string"
          },
          {
            "name": "databaseId",
            "in": "path",
            "required": true,
            "type": "string"
          }
        ],
        "tags": [
          "KwilService"
        ]
      }
    }
  },
  "definitions": {
    "protobufAny": {
      "type": "object",
      "properties": {
        "@type": {
          "type": "string"
        }
      },
      "additionalProperties": {}
    },
    "rpcStatus": {
      "type": "object",
      "properties": {
        "code": {
          "type": "integer",
          "format": "int32"
        },
        "message": {
          "type": "string"
        },
        "details": {
          "type": "array",
          "items": {
            "$ref": "#/definitions/protobufAny"
          }
        }
      }
    },
    "v0ConnectResponse": {
      "type": "object",
      "properties": {
        "address": {
          "type": "string"
        }
      }
    },
    "v0CreateDatabaseRequest": {
      "type": "object",
      "properties": {
        "id": {
          "type": "string"
        },
        "name": {
          "type": "string"
        },
        "type": {
          "type": "string"
        },
        "fee": {
          "type": "string"
        },
        "operation": {
          "type": "integer",
          "format": "int32"
        },
        "crud": {
          "type": "integer",
          "format": "int32"
        },
        "from": {
          "type": "string"
        },
        "signature": {
          "type": "string"
        }
      }
    },
    "v0CreateDatabaseResponse": {
      "type": "object"
    },
    "v0CreateRoleResponse": {
      "type": "object"
    },
    "v0CreateTableResponse": {
      "type": "object"
    },
    "v0DBQuery": {
      "type": "object",
      "properties": {
        "name": {
          "type": "string"
        },
        "query": {
          "type": "string"
        },
        "parameters": {
          "type": "array",
          "items": {
            "$ref": "#/definitions/v0input"
          }
        }
      }
    },
    "v0DeleteDatabaseResponse": {
      "type": "object"
    },
    "v0DeleteRoleResponse": {
      "type": "object"
    },
    "v0DeleteTableResponse": {
      "type": "object"
    },
    "v0GetBalanceResponse": {
      "type": "object",
      "properties": {
        "balance": {
          "type": "string"
        }
      }
    },
    "v0GetDatabaseResponse": {
      "type": "object"
    },
    "v0GetQueriesResponse": {
      "type": "object",
      "properties": {
        "queries": {
          "type": "array",
          "items": {
            "$ref": "#/definitions/v0DBQuery"
          }
        }
      }
    },
    "v0GetRoleResponse": {
      "type": "object",
      "properties": {
        "name": {
          "type": "string"
        },
        "permissions": {
          "$ref": "#/definitions/v0GetRoleResponseperms"
        }
      }
    },
    "v0GetRoleResponseperms": {
      "type": "object",
      "properties": {
        "ddl": {
          "type": "boolean"
        },
        "queries": {
          "type": "array",
          "items": {
            "type": "string"
          }
        }
      }
    },
    "v0GetTableResponse": {
      "type": "object"
    },
    "v0GetWalletRoleResponse": {
      "type": "object",
      "properties": {
        "name": {
          "type": "string"
        },
        "permissions": {
          "$ref": "#/definitions/v0GetWalletRoleResponseperms"
        }
      }
    },
    "v0GetWalletRoleResponseperms": {
      "type": "object",
      "properties": {
        "ddl": {
          "type": "boolean"
        },
        "queries": {
          "type": "array",
          "items": {
            "type": "string"
          }
        }
      }
    },
    "v0ListDatabasesResponse": {
      "type": "object"
    },
    "v0ListRolesResponse": {
      "type": "object",
      "properties": {
        "roles": {
          "type": "array",
          "items": {
            "type": "string"
          }
        }
      }
    },
    "v0ListTablesResponse": {
      "type": "object"
    },
    "v0PlanResponse": {
      "type": "object"
    },
    "v0PostQueryResponse": {
      "type": "object"
    },
    "v0UpdateDatabaseResponse": {
      "type": "object"
    },
    "v0UpdateRoleResponse": {
      "type": "object"
    },
    "v0UpdateTableResponse": {
      "type": "object"
    },
    "v0input": {
      "type": "object",
      "properties": {
        "name": {
          "type": "string"
        },
        "type": {
          "type": "string"
        }
      }
    }
  }
}
