[
    {
        "inputs": [
            {
                "internalType": "address",
                "name": "_escrowToken",
                "type": "address"
            }
        ],
        "stateMutability": "nonpayable",
        "type": "constructor"
    },
    {
        "anonymous": false,
        "inputs": [
            {
                "indexed": false,
                "internalType": "address",
                "name": "caller",
                "type": "address"
            },
            {
                "indexed": false,
                "internalType": "address",
                "name": "target",
                "type": "address"
            },
            {
                "indexed": false,
                "internalType": "uint256",
                "name": "amount",
                "type": "uint256"
            }
        ],
        "name": "Deposit",
        "type": "event"
    },
    {
        "anonymous": false,
        "inputs": [
            {
                "indexed": false,
                "internalType": "address",
                "name": "client",
                "type": "address"
            },
            {
                "indexed": false,
                "internalType": "address",
                "name": "target",
                "type": "address"
            },
            {
                "indexed": false,
                "internalType": "uint256",
                "name": "amountRequested",
                "type": "uint256"
            },
            {
                "indexed": false,
                "internalType": "uint256",
                "name": "fee",
                "type": "uint256"
            },
            {
                "indexed": false,
                "internalType": "uint256",
                "name": "amountReturned",
                "type": "uint256"
            }
        ],
        "name": "DepositReturned",
        "type": "event"
    },
    {
        "anonymous": false,
        "inputs": [
            {
                "indexed": false,
                "internalType": "string",
                "name": "message",
                "type": "string"
            },
            {
                "indexed": false,
                "internalType": "string",
                "name": "message2",
                "type": "string"
            },
            {
                "indexed": false,
                "internalType": "int64",
                "name": "myint",
                "type": "int64"
            }
        ],
        "name": "GoodbyeWorld",
        "type": "event"
    },
    {
        "anonymous": false,
        "inputs": [
            {
                "indexed": false,
                "internalType": "string",
                "name": "message",
                "type": "string"
            },
            {
                "indexed": false,
                "internalType": "string",
                "name": "message2",
                "type": "string"
            }
        ],
        "name": "HelloWorld",
        "type": "event"
    },
    {
        "anonymous": false,
        "inputs": [
            {
                "indexed": false,
                "internalType": "address",
                "name": "caller",
                "type": "address"
            },
            {
                "indexed": false,
                "internalType": "address",
                "name": "target",
                "type": "address"
            },
            {
                "indexed": false,
                "internalType": "uint256",
                "name": "amount",
                "type": "uint256"
            }
        ],
        "name": "RequestReturn",
        "type": "event"
    },
    {
        "inputs": [
            {
                "internalType": "address",
                "name": "",
                "type": "address"
            },
            {
                "internalType": "address",
                "name": "",
                "type": "address"
            }
        ],
        "name": "Amounts",
        "outputs": [
            {
                "internalType": "uint256",
                "name": "",
                "type": "uint256"
            }
        ],
        "stateMutability": "view",
        "type": "function"
    },
    {
        "inputs": [
            {
                "internalType": "address",
                "name": "_target",
                "type": "address"
            },
            {
                "internalType": "uint256",
                "name": "_amt",
                "type": "uint256"
            }
        ],
        "name": "deposit",
        "outputs": [],
        "stateMutability": "payable",
        "type": "function"
    },
    {
        "inputs": [],
        "name": "escrowToken",
        "outputs": [
            {
                "internalType": "contract IERC20",
                "name": "",
                "type": "address"
            }
        ],
        "stateMutability": "view",
        "type": "function"
    },
    {
        "inputs": [
            {
                "internalType": "address",
                "name": "_target",
                "type": "address"
            },
            {
                "internalType": "uint256",
                "name": "_amt",
                "type": "uint256"
            }
        ],
        "name": "requestReturn",
        "outputs": [],
        "stateMutability": "nonpayable",
        "type": "function"
    },
    {
        "inputs": [
            {
                "internalType": "address",
                "name": "_target",
                "type": "address"
            }
        ],
        "name": "requestReturnAll",
        "outputs": [],
        "stateMutability": "nonpayable",
        "type": "function"
    },
    {
        "inputs": [
            {
                "internalType": "address",
                "name": "_recipient",
                "type": "address"
            },
            {
                "internalType": "uint256",
                "name": "_amt",
                "type": "uint256"
            },
            {
                "internalType": "uint256",
                "name": "_fee",
                "type": "uint256"
            }
        ],
        "name": "returnFunds",
        "outputs": [],
        "stateMutability": "nonpayable",
        "type": "function"
    }
]